1;20.06.92;f;1_mail@gmx.de;19 Raikes Ct, Welton, Brough HU15 1PG, United Kingdom;Nana;Abraham;+44 7700 900767;true;rBejQTwb
2;21.06.92;f;mail1@web.de;88 Castle Ings Rd, Knaresborough HG5 8DH, United Kingdom;Serena;Allan;+44 7700 900088;true;urPCGvNf
3;22.06.92;f;mail1@gmail.com;19 Broom Rd, Glenrothes KY6 2BG, United Kingdom;Marvis;Alsop;+44 7700 900527;false;3mrU4SjX
4;23.06.92;f;1_mail@gmx.de;3 The Square, Sheriff Hutton, York YO60 6QX, United Kingdom;Chanel;Anderson;+44 7700 900495;true;TreEveqD
5;24.06.92;m;mail1@web.de;12-17 Marylebone Mews, Marylebone, London W1G, United Kingdom;Heriberto;Ball;+44 7700 900666;false ;QeN9mb7U
6;08.09.90;f;mail1@gmail.com;3 New Cottages, Wych Cross Place, Wych Cross, Forest Row RH18 5JJ, United Kingdom;Augustina;Bell;+44 7700 900975;false;Xahc2AzQ
7;09.09.90;m;1_mail@gmx.de;10 Robel Ave, Frampton Cotterell, Bristol BS36 2BZ, United Kingdom;Damian;Berry;+44 7700 900977;false;pTYXvnf8
8;10.09.90;f;mail1@web.de;1 Craite Barn, Applecross, Strathcarron IV54 8LN, United Kingdom;Yasmin;Black;+44 7700 900956;false;E5BNkhVv
9;11.09.90;m;mail1@gmail.com;1 Fisherfield, Gruinard Laide, Achnasheen IV22 2NQ, United Kingdom;Prince;Blake;+44 7700 900602;true;Vk7vGmvu
10;12.09.90;f;1_mail@gmx.de;102 The Moors, Thatcham RG19 3YZ, United Kingdom;Carlita;Bond;+44 7700 900328;true;jrAMsj29
11;13.09.90;f;mail1@web.de;30 Portormin Rd, Dunbeath KW6 6EF, United Kingdom;Elidia;Bower;+44 7700 900314;true;uEfdZL3J
12;14.09.90;m;mail1@gmail.com;29 Berkswell Rd, Birmingham B24 9EE, United Kingdom;Danilo;Brown;+44 7700 900441;false;cSyvehHf
13;15.09.90;f;1_mail@gmx.de;8 The Coppice, Thrapston, Kettering NN14 4QA, United Kingdom;Alfredia;Buckland;+44 7700 900173;true;VPB6AgrD
14;16.09.90;f;mail1@web.de;23 Orchard Rd, Seaview PO34 5JE, United Kingdom;Danille;Burgess;+44 7700 900224;false ;rNGJZJeg
15;17.09.90;f;mail1@gmail.com;19C Kinloch Rd, Campbeltown PA28 6EG, United Kingdom;Carolyn;Butler;+44 7700 900548;false;yeAjyGMB
16;18.09.90;m;1_mail@gmx.de;4 Phoebe Mews, Nutbourne, Chichester PO18 8SG, United Kingdom;Denver;Cameron;+44 7700 900903;false;jtxW6jSF
17;19.09.90;f;mail1@web.de;13 Sclattie Cir, Aberdeen AB21 9QP, United Kingdom;Emerita;Campbell;+44 7700 900682;false;QUf2DEaC
18;20.09.90;f;mail1@gmail.com;A23, Crawley RH11 9RX, United Kingdom;Shaunna;Carr;+44 7700 900175;true;Wm28n2d7
19;21.09.90;f;1_mail@gmx.de;1 Station Rd, Wrockwardine, Telford TF6 5DZ, United Kingdom;Phylis;Chapman;+44 7700 900868;true;Mu9y85Ry
20;22.09.90;f;mail1@web.de;204-206 Sheen Rd, Richmond TW10, United Kingdom;Jeannine;Churchill;+44 7700 900798;true;ze8ENRKc
21;11.11.94;m;mail1@gmail.com;11 Oakden Cl, Bramshall, Uttoxeter ST14 5NL, United Kingdom;Dana;Clark;+44 7700 900466;false;JVjgwggn
22;12.11.94;f;1_mail@gmx.de;3 Caemaen, Bryncoch, Neath SA10 7YN, United Kingdom;Nadia;Clarkson;+44 7700 900235;true;M47ffsdW
23;13.11.94;f;mail1@web.de;44 Woodlands Cres, Johnstone PA5 0AZ, United Kingdom;Catheryn;Coleman;+44 7700 900873;false ;aR3uCEEs
24;14.11.94;f;mail1@gmail.com;83 Dartmouth Walk, Plymouth PL6 8PX, United Kingdom;Hortensia;Cornish;+44 7700 900435;false;v5pDJWhq
25;15.11.94;f;1_mail@gmx.de;26 Eastlands Cl, Oxted RH8 0EY, United Kingdom;Yuette;Davidson;+44 7700 900266;false;CQB5hqKm
26;16.11.94;f;mail1@web.de;11 Old Station Ct, Strathyre, Callander FK18 8NL, United Kingdom;Georgette;Davies;+44 7700 900367;false;RCQQebs9
27;17.11.94;f;mail1@gmail.com;31 South St, Portslade, Brighton BN41 2LE, United Kingdom;Kam;Dickens;+44 7700 900152;true;jsGszDkL
28;18.11.94;m;1_mail@gmx.de;40 St. Peter's Close, Curdridge, Southampton SO32 2HF, United Kingdom;Scot;Dowd;+44 7700 900052;true;pBxaPPVa
29;19.11.94;f;mail1@web.de;7 Westmorland Rd, Eccles, Manchester M30 9DA, United Kingdom;Darcel;Duncan;+44 7700 900359;true;gw4Km5jQ
30;20.11.94;m;mail1@gmail.com;1A Highfield Ave, London NW11 9EU, United Kingdom;Boyce;Dyer;+44 7700 900757;false;2VQWCxZL
31;21.11.94;f;1_mail@gmx.de;3 Tabernacle Cottages, Trowbridge BA14 8DZ, United Kingdom;Nena;Edmunds;+44 7700 900648;true;3MPEWT6M
32;22.11.94;f;mail1@web.de;A695, Riding Mill NE44 6DX, United Kingdom;Stephnie;Ellison;+44 7700 900264;false ;RdDPDgbW
33;23.11.94;f;mail1@gmail.com;8 Albert Rd, Liverpool L13 8DZ, United Kingdom;Neida;Ferguson;+44 7700 900509;false;D8cV8Ltt
34;24.11.94;f;1_mail@gmx.de;31 Dan Caerlan, Llantrisant, Pontyclun CF72 8HB, United Kingdom;Oliva;Fisher;+44 7700 900311;false;3zZkqWA4
35;25.11.94;f;mail1@web.de;1 Wexham Rd, Slough SL1, United Kingdom;Sheilah;Forsyth;+44 7700 900796;false;skPSBp9r
36;26.11.94;m;mail1@gmail.com;23 Middle Dean St, Greetland, Halifax HX4 8DP, United Kingdom;Derrick;Fraser;+44 7700 900682;true;zzAS2Pxm
37;27.11.94;f;1_mail@gmx.de;370 Gallowgate, Glasgow G4 0TX, United Kingdom;Cecille;Gibson;+44 7700 900164;true;9VAz6wbj
38;28.11.94;f;mail1@web.de;317 A587, Blackpool FY2 0HL, United Kingdom;Soila;Gill;+44 7700 900032;true;KRvzQbza
39;29.11.94;m;mail1@gmail.com;1 Ferndale Cl, Llanymynech SY22 6NA, United Kingdom;Jamie;Glover;+44 7700 900850;false;9nHWMwfq
40;07.03.93;m;1_mail@gmx.de;3 Brea Rd, Rock, Wadebridge PL27 6LN, United Kingdom;Cortez;Graham;+44 7700 900721;true;GmBxatdv
41;08.03.93;f;mail1@web.de;Primrose Hill, London EC4Y, United Kingdom;Laurette;Grant;+44 7700 900171;false ;98nZ52jr
42;09.03.93;f;mail1@gmail.com;44 Pebble Hill, Radley, Abingdon OX14 2JX, United Kingdom;Mabelle;Gray;+44 7700 900795;false;b7khsNKG
43;10.03.93;f;1_mail@gmx.de;17A Hartopp Rd, Sutton Coldfield B74 2RE, United Kingdom;Iluminada;Greene;+44 7700 900383;false;bGtcfKwR
44;11.03.93;f;mail1@web.de;15 Marland Old Rd, Rochdale OL11 4QY, United Kingdom;Elizebeth;Hamilton;+44 7700 900875;false;GzZrVA8c
45;12.03.93;m;mail1@gmail.com;103 Baron Rd, Dagenham RM8 1TX, United Kingdom;Carmine;Hardacre;+44 7700 900261;true;UztKGg9J
46;13.03.93;f;1_mail@gmx.de;2-3 Pickering Fold, Blackburn BB1, United Kingdom;Larhonda;Harris;+44 7700 900391;true;hkeyLKrf
47;14.03.93;f;mail1@web.de;19 Dane Rd, Bletchley, Milton Keynes MK1 1JQ, United Kingdom;Dwana;Hart;+44 7700 900975;true;w2jtPz6F
48;15.03.93;m;mail1@gmail.com;5 Edward Jermyn Dr, Newark NG24 2FP, United Kingdom;Columbus;Hemmings;+44 7700 900546;false;ucmrCq4C
49;16.03.93;f;1_mail@gmx.de;Etheridge Ave, Brinklow, Milton Keynes MK10, United Kingdom;Angelique;Henderson;+44 7700 900804;true;jDdyLw8X
50;17.03.93;f;mail1@web.de;399 Croydon Rd, Beckenham BR3 3PR, United Kingdom;Charisse;Hill;+44 7700 900000;false ;P4cwrHBT
51;18.03.93;m;mail1@gmail.com;2-58 Seaview Cl, Ardglass, Downpatrick BT30 7SQ, United Kingdom;Harry;Hodges;+44 7700 900173;false;7SmTcLAS
52;19.03.93;f;1_mail@gmx.de;41 A329, Reading RG8, United Kingdom;Berenice;Hunter;+44 7700 900739;false;87Ddu5L3
53;20.03.93;f;mail1@web.de;17 Whitehouse Rd, Stockton-on-Tees, Billingham TS22 5ER, United Kingdom;Lianne;Ince;+44 7700 900300;false;8hDcYJ9C
54;21.03.93;f;mail1@gmail.com;11 Puddledock, London EC4V 3PD, United Kingdom;Collene;Jackson;+44 7700 900807;true;PGwXH3c6
55;22.03.93;f;1_mail@gmx.de;19 Brockley Cl, Church Fenton, Tadcaster LS24 9RB, United Kingdom;Deidra;James;+44 7700 900639;true;Yeh9Q2RT
56;23.03.93;f;mail1@web.de;12 Blackfriars St, Salford M3 5BQ, United Kingdom;Shenna;Johnston;+44 7700 900277;true;ex7w388S
57;24.03.93;f;mail1@gmail.com;3 The Cl, Swanton Novers, Melton Constable NR24 2QX, United Kingdom;Desiree;Jones;+44 7700 900549;false;fFBcDsGJ
58;25.03.93;m;1_mail@gmx.de;66 Newlands Rd, Glasgow G43 2JH, United Kingdom;Ernie;Kelly;+44 7700 900465;true;mLebKsMW
59;26.03.93;f;mail1@web.de;19 Oakhurst Rd, West Moors, Ferndown BH22 0DW, United Kingdom;Valrie;Kerr;+44 7700 900406;false ;NDXPAtN5
60;01.01.91;m;mail1@gmail.com;Unnamed Road, Usk NP15 1NB, United Kingdom;Wilfred;King;+44 7700 900177;false;HhYzQZ5A
61;02.01.91;f;1_mail@gmx.de;6 Mandrell Cl, Dunstable LU5 5GL, United Kingdom;Trinh;Knox;+44 7700 900087;false;5HLGBQY4
62;03.01.91;f;mail1@web.de;9 The Retreat, Ramsgate CT12 6ET, United Kingdom;Fallon;Lambert;+44 7700 900689;false;5QNkbPXR
63;04.01.91;m;mail1@gmail.com;Trinity St, Marple, Stockport SK6, United Kingdom;Darius;Langdon;+44 7700 900311;true;F9w4Yv9j
64;05.01.91;f;1_mail@gmx.de;Tandridge Ln, Oxted RH8, United Kingdom;Gaynelle;Lawrence;+44 7700 900814;true;Jb7SxAsn
65;06.01.91;f;mail1@web.de;3 Abbey Croft, Polesworth, Tamworth B78 1DW, United Kingdom;Ariane;Lee;+44 7700 900531;true;ZPNqx5Jq
66;07.01.91;f;mail1@gmail.com;1 Station Cottages, Fawley, Hereford HR1 4UJ, United Kingdom;Alyssa;Lewis;+44 7700 900092;false;nDrfKsea
67;08.01.91;f;1_mail@gmx.de;347 Princess Rd, Manchester M14 7FR, United Kingdom;Lavinia;Lyman;+44 7700 900290;true;JmUUWxwT
68;09.01.91;f;mail1@web.de;B3143, Dorchester DT2, United Kingdom;Nettie;MacDonald;+44 7700 900673;false ;WbA2RvRS
69;10.01.91;f;mail1@gmail.com;147 Ipswich Rd, Stoke Holy Cross, Norwich NR14 8PQ, United Kingdom;Olympia;Marshall;+44 7700 900637;false;J99f9RZS
70;11.01.91;m;1_mail@gmx.de;1 Cheviot Way, Chesterfield S40 4LW, United Kingdom;Lucius;Martin;+44 7700 900206;false;nFYh4Sn3
71;12.01.91;f;mail1@web.de;16 Clay Ln, Doncaster DN2 4RL, United Kingdom;Sharie;Mathis;+44 7700 900202;false;TwTeSqqa
72;13.01.91;m;mail1@gmail.com;33 Howth Dr, Woodley, Reading RG5 3ED, United Kingdom;Connie;May;+44 7700 900966;true;LUUzD7hg
73;14.01.91;f;1_mail@gmx.de;A690, Durham DH1, United Kingdom;Mavis;McDonald;+44 7700 900733;true;UnG9VQSM
74;30.03.94;m;mail1@web.de;4 Ardchung, Isle of Benbecula HS7 5QG, United Kingdom;Charles;McLean;+44 7700 900317;true;gjEzTtue
75;31.03.94;f;mail1@gmail.com;1 St Georges Cl, Sheffield S3 7HJ, United Kingdom;Hertha;McGrath;+44 7700 900429;false;4vyEbNZ5
76;01.04.94;m;1_mail@gmx.de;3 Dunfane Park, Ballymena BT43 7AJ, United Kingdom;Dong;Metcalfe;+44 7700 900086;true;RvNsaJp9
77;02.04.94;f;mail1@web.de;Little Strickland, Penrith CA10 3EQ, United Kingdom;Maricela;Miller;+44 7700 900116;false ;9hsBsn4z
78;03.04.94;f;mail1@gmail.com;1A Bank St, Bilston WV14 8PA, United Kingdom;Philomena;Mills;+44 7700 900887;false;zHVeGS8G
79;04.04.94;m;1_mail@gmx.de;Duke St, Ramsbottom, Bury BL0 9PX, United Kingdom;Lance;Mitchell;+44 7700 900073;false;6xXLRvve
80;05.04.94;f;mail1@web.de;A14, Claydon, Ipswich IP6, United Kingdom;Vivan;Morgan;+44 7700 900300;false;8QwpdWD9
81;06.04.94;f;mail1@gmail.com;12 Hazel Grove, Bexhill-on-Sea TN39, United Kingdom;Martina;Morrison;+44 7700 900291;true;MG96fzVc
82;07.04.94;f;1_mail@gmx.de;Mill Ln, Lyndhurst SO43 7FQ, United Kingdom;Leann;Nolan;+44 7700 900996;true;HGNeVgCY
83;08.04.94;m;mail1@web.de;Hanover Cl, Christchurch BH23 2DY, United Kingdom;Lenny;North;+44 7700 900773;true;d5RP8qCE
84;09.04.94;m;mail1@gmail.com;12 Station Rd, Bridlington YO15 3PE, United Kingdom;Percy;Ogden;+44 7700 900025;false;c7C5NTx3
85;10.04.94;f;1_mail@gmx.de;1 Erwtwrch, Ffarmers, Llanwrda SA19 8PZ, United Kingdom;Yan;Oliver;+44 7700 900692;true;hJxbMg7v
86;11.04.94;f;mail1@web.de;29 Clinton Cres, Ilford IG6 3AH, United Kingdom;Synthia;Paige;+44 7700 900124;false ;ZdPsZMkX
87;12.04.94;f;mail1@gmail.com;New Town Row, Birmingham B6 7UR, United Kingdom;Felicia;Turner;+44 7700 900742;false;kJbWPGL4
88;13.04.94;f;1_mail@gmx.de;2 Swansea Farm Cottages, Brendon Hill, Watchet TA23 0LH, United Kingdom;Celinda;Underwood;+44 7700 900671;false;VeQat5ue
89;14.04.94;f;mail1@web.de;444 Perth Rd, Dundee DD2 1JT, United Kingdom;Pansy;Vance;+44 7700 900631;false;wmnSJgKa
90;15.04.94;f;mail1@gmail.com;2 Duke St, Golspie KW10, United Kingdom;Cherise;Vaughan;+44 7700 900808;true;B6es3MWH
91;16.04.94;f;1_mail@gmx.de;Blair Ave, Jedburgh TD8, United Kingdom;Nery;Walker;+44 7700 900953;true;ktwddhWe
92;17.04.94;m;mail1@web.de;20 Fox Hedge Way, Sharnbrook, Bedford MK44 1JR, United Kingdom;Marc;Wallace;+44 7700 900279;true;M47Ju9Ka
93;18.04.94;f;mail1@gmail.com;36 Queen's Gardens, Blyth NE24 5HH, United Kingdom;Eleanora;Walsh;+44 7700 900436;false;nnkEnUFB
94;19.04.94;m;1_mail@gmx.de;1460 Albourne Rd, Hurstpierpoint, Hassocks BN6 9ET, United Kingdom;Teddy;Watson;+44 7700 900184;true;zk2AZK5E
95;08.08.95;m;mail1@web.de;39 Alfriston Rd, Seaford BN25 3QD, United Kingdom;Porter;Welch;+44 7700 900416;false ;EUeBcYbJ
96;09.08.95;f;mail1@gmail.com;Unnamed Road, Ellesmere Port CH65 1AG, United Kingdom;Dayna;White;+44 7700 900319;false;dY5xHwV4
97;10.08.95;f;1_mail@gmx.de;5 Whatsill, Hopton Wafers, Kidderminster DY14 0QB, United Kingdom;Kandace;Wilkins;+44 7700 900795;false;kPKf5fEU
98;11.08.95;f;mail1@web.de;9 Grasmere Cl, Winsford CW7 2ST, United Kingdom;Latarsha;Wilson;+44 7700 900383;false;DGR2PSwn
99;12.08.95;f;mail1@gmail.com;30 Harrington St, Mansfield NG18 5LS, United Kingdom;Camelia;Wright;+44 7700 900875;true;4TuQ3r9S
100;13.08.95;m;1_mail@gmx.de;2 Shawman's Ln, Stafford ST18 9JW, United Kingdom;Shirley;Young;+44 7700 900261;false;nRdVHaXu